{"cameraMode":{"drawMode":0,"name":"Shaded","section":"Shading Mode"},"sceneLighting":false,"audioPlay":false,"sceneViewState":{"m_AlwaysRefresh":false,"showFog":true,"showSkybox":true,"showFlares":true,"showImageEffects":true,"showParticleSystems":true,"showVisualEffectGraphs":true,"m_FxEnabled":true},"in2DMode":false,"pivot":{"x":-9.316784858703614,"y":43.66102981567383,"z":-40.707279205322269},"rotation":{"x":0.3517276644706726,"y":0.12799005210399629,"z":-0.048850178718566897,"w":0.9260961413383484},"size":13.574199676513672,"orthographic":true}