{"cameraMode":{"drawMode":0,"name":"Shaded","section":"Shading Mode"},"sceneLighting":true,"audioPlay":false,"sceneViewState":{"m_AlwaysRefresh":false,"showFog":true,"showSkybox":true,"showFlares":true,"showImageEffects":true,"showParticleSystems":true,"showVisualEffectGraphs":true,"m_FxEnabled":true},"in2DMode":false,"pivot":{"x":0.00005728006362915039,"y":1.0196733474731446,"z":0.022291898727416993},"rotation":{"x":-0.16772568225860597,"y":0.4286614656448364,"z":-0.0813290998339653,"w":-0.8840307593345642},"size":3.4206039905548097,"orthographic":true}