{"cameraMode":{"drawMode":0,"name":"Shaded","section":"Shading Mode"},"sceneLighting":false,"audioPlay":false,"sceneViewState":{"m_AlwaysRefresh":false,"showFog":true,"showSkybox":true,"showFlares":true,"showImageEffects":true,"showParticleSystems":true,"showVisualEffectGraphs":true,"m_FxEnabled":true},"in2DMode":false,"pivot":{"x":-0.18921712040901185,"y":1.7598209381103516,"z":6.107583045959473},"rotation":{"x":-0.1247706487774849,"y":0.5322139263153076,"z":-0.07953064143657685,"w":-0.8336474299430847},"size":1.6921213865280152,"orthographic":true}